{
  "mean": [
    0.2731810965836966,
    0.27189342403255906,
    0.27162518728784174
  ],
  "std": [
    0.44413230484960264,
    0.44217890756782346,
    0.4434057723960932
  ]
}