{
  "mean": [
    0.8438604946794181,
    0.6589161597132999,
    0.574509597899743
  ],
  "std": [
    0.175015812380934,
    0.28778972979471773,
    0.3832600645683964
  ]
}