{
  "mean": [
    0.2764360225610369,
    0.27512275811429493,
    0.27477975525015336
  ],
  "std": [
    0.4457280138143691,
    0.443754625288447,
    0.4450326203094176
  ]
}